city,site,road
臺北市,松山區,三民路
臺北市,松山區,五常街
臺北市,松山區,健康路
臺北市,松山區,光復北路
臺北市,松山區,光復南路
臺北市,松山區,八德路
臺北市,松山區,北寧路
臺北市,松山區,南京東路
臺北市,松山區,吉祥路
臺北市,松山區,基隆路
臺北市,松山區,塔悠路
臺北市,松山區,富錦街
臺北市,松山區,寧安街
臺北市,松山區,寶清街
臺北市,松山區,市民大道
臺北市,松山區,延吉街
臺北市,松山區,延壽街
臺北市,松山區,復興北路
臺北市,松山區,復興南路
臺北市,松山區,慶城街
臺北市,松山區,撫遠街
臺北市,松山區,敦化北路
臺北市,松山區,敦化南路
臺北市,松山區,新中街
臺北市,松山區,新東街
臺北市,松山區,東寧路
臺北市,松山區,東興路
臺北市,松山區,松河街
臺北市,松山區,民族東路
臺北市,松山區,民權東路
臺北市,松山區,民生東路
臺北市,松山區,濱江街
臺北市,松山區,興安街
臺北市,松山區,虎林街
臺北市,松山區,長安東路
臺北市,松山區,長春路
臺北市,松山區,饒河街
臺北市,信義區,中坡北路
臺北市,信義區,中坡南路
臺北市,信義區,仁愛路
臺北市,信義區,信安街
臺北市,信義區,信義路
臺北市,信義區,光復南路
臺北市,信義區,吳興街
臺北市,信義區,和平東路
臺北市,信義區,嘉興街
臺北市,信義區,基隆路
臺北市,信義區,大道路
臺北市,信義區,富陽街
臺北市,信義區,崇德街
臺北市,信義區,市府路
臺北市,信義區,市民大道
臺北市,信義區,忠孝東路
臺北市,信義區,文昌街
臺北市,信義區,景雲街
臺北市,信義區,東興路
臺北市,信義區,松仁路
臺北市,信義區,松信路
臺北市,信義區,松勇路
臺北市,信義區,松勤街
臺北市,信義區,松壽路
臺北市,信義區,松山路
臺北市,信義區,松平路
臺北市,信義區,松廉路
臺北市,信義區,松德路
臺北市,信義區,松智路
臺北市,信義區,松隆路
臺北市,信義區,松高路
臺北市,信義區,林口街
臺北市,信義區,永吉路
臺北市,信義區,瑞雲街
臺北市,信義區,祥雲街
臺北市,信義區,福德街
臺北市,信義區,紫雲街
臺北市,信義區,莊敬路
臺北市,信義區,菸廠路
臺北市,信義區,虎林街
臺北市,信義區,逸仙路
臺北市,信義區,青雲街
臺北市,大安區,仁愛路
臺北市,大安區,信義路
臺北市,大安區,光復南路
臺北市,大安區,八德路
臺北市,大安區,和平東路
臺北市,大安區,嘉興街
臺北市,大安區,四維路
臺北市,大安區,基隆路
臺北市,大安區,大安路
臺北市,大安區,安和路
臺北市,大安區,安居街
臺北市,大安區,安東街
臺北市,大安區,富陽街
臺北市,大安區,市民大道
臺北市,大安區,師大路
臺北市,大安區,延吉街
臺北市,大安區,建國南路
臺北市,大安區,復興南路
臺北市,大安區,忠孝東路
臺北市,大安區,愛國東路
臺北市,大安區,敦化南路
臺北市,大安區,敦南街
臺北市,大安區,文昌街
臺北市,大安區,新生北路
臺北市,大安區,新生南路
臺北市,大安區,杭州南路
臺北市,大安區,東豐街
臺北市,大安區,樂利路
臺北市,大安區,樂業街
臺北市,大安區,永康街
臺北市,大安區,泰順街
臺北市,大安區,浦城街
臺北市,大安區,溫州街
臺北市,大安區,潮州街
臺北市,大安區,濟南路
臺北市,大安區,瑞安街
臺北市,大安區,羅斯福路
臺北市,大安區,臥龍街
臺北市,大安區,臨江街
臺北市,大安區,芳蘭路
臺北市,大安區,辛亥路
臺北市,大安區,通化街
臺北市,大安區,通安街
臺北市,大安區,金山南路
臺北市,大安區,金華街
臺北市,大安區,長興街
臺北市,大安區,雲和街
臺北市,大安區,青田街
臺北市,大安區,麗水街
臺北市,大安區,龍泉街
臺北市,中山區,一江街
臺北市,中山區,中原街
臺北市,中山區,中山北路
臺北市,中山區,五常街
臺北市,中山區,伊通街
臺北市,中山區,八德路
臺北市,中山區,劍南路
臺北市,中山區,北安路
臺北市,中山區,南京東路
臺北市,中山區,南京西路
臺北市,中山區,合江街
臺北市,中山區,吉林路
臺北市,中山區,四平街
臺北市,中山區,基湖路
臺北市,中山區,堤頂大道
臺北市,中山區,大直街
臺北市,中山區,天津街
臺北市,中山區,天祥路
臺北市,中山區,安東街
臺北市,中山區,崇實路
臺北市,中山區,市民大道
臺北市,中山區,建國北路
臺北市,中山區,建國南路
臺北市,中山區,復興北路
臺北市,中山區,復興南路
臺北市,中山區,德惠街
臺北市,中山區,撫順街
臺北市,中山區,敬業一路
臺北市,中山區,敬業三路
臺北市,中山區,敬業二路
臺北市,中山區,敬業四路
臺北市,中山區,新生北路
臺北市,中山區,明水路
臺北市,中山區,朱崙街
臺北市,中山區,松江路
臺北市,中山區,林森北路
臺北市,中山區,植福路
臺北市,中山區,樂群三路
臺北市,中山區,樂群二路
臺北市,中山區,民族東路
臺北市,中山區,民族西路
臺北市,中山區,民權東路
臺北市,中山區,民權西路
臺北市,中山區,民生東路
臺北市,中山區,民生西路
臺北市,中山區,渭水路
臺北市,中山區,濱江街
臺北市,中山區,玉門街
臺北市,中山區,興安街
臺北市,中山區,華陰街
臺北市,中山區,農安街
臺北市,中山區,通北街
臺北市,中山區,遼寧街
臺北市,中山區,錦州街
臺北市,中山區,錦西街
臺北市,中山區,長安東路
臺北市,中山區,長安西路
臺北市,中山區,長春路
臺北市,中山區,雙城街
臺北市,中山區,龍江路
臺北市,中正區,三元街
臺北市,中正區,中山北路
臺北市,中正區,中山南路
臺北市,中正區,中華路
臺北市,中正區,丹陽街
臺北市,中正區,仁愛路
臺北市,中正區,信義路
臺北市,中正區,信陽街
臺北市,中正區,八德路
臺北市,中正區,公園路
臺北市,中正區,凱達格蘭大道
臺北市,中正區,北平東路
臺北市,中正區,北平西路
臺北市,中正區,南昌路
臺北市,中正區,南海路
臺北市,中正區,南陽街
臺北市,中正區,博愛路
臺北市,中正區,同安街
臺北市,中正區,和平西路
臺北市,中正區,大埔街
臺北市,中正區,天津街
臺北市,中正區,寧波東街
臺北市,中正區,寧波西街
臺北市,中正區,寶慶路
臺北市,中正區,市民大道
臺北市,中正區,師大路
臺北市,中正區,常德街
臺北市,中正區,廣州街
臺北市,中正區,延平南路
臺北市,中正區,徐州路
臺北市,中正區,忠孝東路
臺北市,中正區,忠孝西路
臺北市,中正區,思源街
臺北市,中正區,惠安街
臺北市,中正區,愛國東路
臺北市,中正區,愛國西路
臺北市,中正區,懷寧街
臺北市,中正區,新生南路
臺北市,中正區,晉江街
臺北市,中正區,杭州北路
臺北市,中正區,杭州南路
臺北市,中正區,林森北路
臺北市,中正區,林森南路
臺北市,中正區,桃源街
臺北市,中正區,武昌街
臺北市,中正區,水源路
臺北市,中正區,永春街
臺北市,中正區,永綏街
臺北市,中正區,汀州路
臺北市,中正區,沅陵街
臺北市,中正區,泉州街
臺北市,中正區,泰安街
臺北市,中正區,湖口街
臺北市,中正區,漢口街
臺北市,中正區,潮州街
臺北市,中正區,濟南路
臺北市,中正區,牯嶺街
臺北市,中正區,福州街
臺北市,中正區,秀山街
臺北市,中正區,紹興北街
臺北市,中正區,紹興南街
臺北市,中正區,羅斯福路
臺北市,中正區,臨沂街
臺北市,中正區,莒光路
臺北市,中正區,衡陽路
臺北市,中正區,襄陽路
臺北市,中正區,西藏路
臺北市,中正區,許昌街
臺北市,中正區,詔安街
臺北市,中正區,貴陽街
臺北市,中正區,辛亥路
臺北市,中正區,連雲街
臺北市,中正區,酉陽街
臺北市,中正區,重慶南路
臺北市,中正區,金山北路
臺北市,中正區,金山南路
臺北市,中正區,金華街
臺北市,中正區,金門街
臺北市,中正區,銅山街
臺北市,中正區,鎮江街
臺北市,中正區,長沙街
臺北市,中正區,開封街
臺北市,中正區,青島東路
臺北市,中正區,青島西路
臺北市,中正區,館前路
臺北市,中正區,齊東街
臺北市,大同區,五原路
臺北市,大同區,伊寧街
臺北市,大同區,保安街
臺北市,大同區,南京西路
臺北市,大同區,哈密街
臺北市,大同區,塔城街
臺北市,大同區,大龍街
臺北市,大同區,天水路
臺北市,大同區,太原路
臺北市,大同區,安西街
臺北市,大同區,寧夏路
臺北市,大同區,市民大道
臺北市,大同區,平陽街
臺北市,大同區,庫倫街
臺北市,大同區,延平北路
臺北市,大同區,忠孝西路
臺北市,大同區,承德路
臺北市,大同區,撫順街
臺北市,大同區,敦煌路
臺北市,大同區,昌吉街
臺北市,大同區,景化街
臺北市,大同區,歸綏街
臺北市,大同區,民族西路
臺北市,大同區,民樂街
臺北市,大同區,民權西路
臺北市,大同區,民生西路
臺北市,大同區,永昌街
臺北市,大同區,涼州街
臺北市,大同區,環河北路
臺北市,大同區,甘州街
臺北市,大同區,甘谷街
臺北市,大同區,興城街
臺北市,大同區,華亭街
臺北市,大同區,華陰街
臺北市,大同區,萬全街
臺北市,大同區,蘭州街
臺北市,大同區,西寧北路
臺北市,大同區,貴德街
臺北市,大同區,赤峰街
臺北市,大同區,迪化街
臺北市,大同區,通河西街
臺北市,大同區,鄭州路
臺北市,大同區,酒泉街
臺北市,大同區,重慶北路
臺北市,大同區,錦西街
臺北市,大同區,長安西路
臺北市,大同區,雙連街
臺北市,萬華區,三水街
臺北市,萬華區,中華路
臺北市,萬華區,內江街
臺北市,萬華區,南寧路
臺北市,萬華區,和平西路
臺北市,萬華區,國興路
臺北市,萬華區,大埔街
臺北市,萬華區,大理街
臺北市,萬華區,富民路
臺北市,萬華區,寶興街
臺北市,萬華區,峨眉街
臺北市,萬華區,康定路
臺北市,萬華區,廣州街
臺北市,萬華區,德昌街
臺北市,萬華區,忠孝西路
臺北市,萬華區,成都路
臺北市,萬華區,昆明街
臺北市,萬華區,東園街
臺北市,萬華區,柳州街
臺北市,萬華區,桂林路
臺北市,萬華區,梧州街
臺北市,萬華區,武成街
臺北市,萬華區,武昌街
臺北市,萬華區,民和街
臺北市,萬華區,水源路
臺北市,萬華區,永福街
臺北市,萬華區,汀州路
臺北市,萬華區,洛陽街
臺北市,萬華區,漢中街
臺北市,萬華區,漢口街
臺北市,萬華區,環河南路
臺北市,萬華區,興寧街
臺北市,萬華區,興義街
臺北市,萬華區,艋舺大道
臺北市,萬華區,莒光路
臺北市,萬華區,華西街
臺北市,萬華區,萬大路
臺北市,萬華區,萬青街
臺北市,萬華區,西園路
臺北市,萬華區,西寧南路
臺北市,萬華區,西昌街
臺北市,萬華區,西藏路
臺北市,萬華區,貴陽街
臺北市,萬華區,長沙街
臺北市,萬華區,長泰街
臺北市,萬華區,長順街
臺北市,萬華區,開封街
臺北市,萬華區,隆昌街
臺北市,萬華區,雅江街
臺北市,萬華區,雙和街
臺北市,萬華區,雙園街
臺北市,萬華區,青年路
臺北市,文山區,一壽街
臺北市,文山區,三福街
臺北市,文山區,下崙路
臺北市,文山區,中崙路
臺北市,文山區,久康街
臺北市,文山區,仙岩路
臺北市,文山區,保儀路
臺北市,文山區,光輝路
臺北市,文山區,公館街
臺北市,文山區,和平東路
臺北市,文山區,和興路
臺北市,文山區,富山路
臺北市,文山區,忠順街
臺北市,文山區,恆光街
臺北市,文山區,指南路
臺北市,文山區,政大一街
臺北市,文山區,政大三街
臺北市,文山區,政大二街
臺北市,文山區,新光路
臺北市,文山區,景中街
臺北市,文山區,景仁街
臺北市,文山區,景後街
臺北市,文山區,景文街
臺北市,文山區,景明街
臺北市,文山區,景福街
臺北市,文山區,景美街
臺北市,文山區,景興路
臺北市,文山區,景華街
臺北市,文山區,景豐街
臺北市,文山區,景隆街
臺北市,文山區,木新路
臺北市,文山區,木柵路
臺北市,文山區,樟新街
臺北市,文山區,永安街
臺北市,文山區,汀州路
臺北市,文山區,溪口街
臺北市,文山區,溪洲街
臺北市,文山區,福興路
臺北市,文山區,秀明路
臺北市,文山區,羅斯福路
臺北市,文山區,老泉街
臺北市,文山區,育英街
臺北市,文山區,興德路
臺北市,文山區,興隆路
臺北市,文山區,興順街
臺北市,文山區,萬利街
臺北市,文山區,萬和街
臺北市,文山區,萬壽路
臺北市,文山區,萬安街
臺北市,文山區,萬寧街
臺北市,文山區,萬慶街
臺北市,文山區,萬盛街
臺北市,文山區,萬美街
臺北市,文山區,萬芳路
臺北市,文山區,萬隆街
臺北市,文山區,試院路
臺北市,文山區,車前路
臺北市,文山區,辛亥路
臺北市,文山區,開元街
臺北市,文山區,集英街
臺北市,南港區,三重路
臺北市,南港區,中南街
臺北市,南港區,中坡北路
臺北市,南港區,中坡南路
臺北市,南港區,八德路
臺北市,南港區,南深路
臺北市,南港區,南港路
臺北市,南港區,合順街
臺北市,南港區,同德路
臺北市,南港區,向陽路
臺北市,南港區,園區街
臺北市,南港區,富康街
臺北市,南港區,市民大道
臺北市,南港區,忠孝東路
臺北市,南港區,惠民街
臺北市,南港區,成功路
臺北市,南港區,成福路
臺北市,南港區,新民街
臺北市,南港區,昆陽街
臺北市,南港區,東南街
臺北市,南港區,東新街
臺北市,南港區,東明街
臺北市,南港區,松河街
臺北市,南港區,永吉路
臺北市,南港區,港東街
臺北市,南港區,玉成街
臺北市,南港區,研究院路
臺北市,南港區,福山街
臺北市,南港區,福德街
臺北市,南港區,經園街
臺北市,南港區,經貿一路
臺北市,南港區,經貿二路
臺北市,南港區,興中路
臺北市,南港區,興南街
臺北市,南港區,興東街
臺北市,南港區,興華路
臺北市,南港區,舊莊街
臺北市,南港區,重陽路
臺北市,內湖區,五分街
臺北市,內湖區,內湖路
臺北市,內湖區,南京東路
臺北市,內湖區,基湖路
臺北市,內湖區,堤頂大道
臺北市,內湖區,大湖山莊街
臺北市,內湖區,大湖街
臺北市,內湖區,安康路
臺北市,內湖區,安泰街
臺北市,內湖區,安美街
臺北市,內湖區,康寧路
臺北市,內湖區,康樂街
臺北市,內湖區,成功路
臺北市,內湖區,文德路
臺北市,內湖區,文湖街
臺北市,內湖區,新富街
臺北市,內湖區,新明路
臺北市,內湖區,新湖一路
臺北市,內湖區,新湖三路
臺北市,內湖區,新湖二路
臺北市,內湖區,新豐街
臺北市,內湖區,星雲街
臺北市,內湖區,東湖路
臺北市,內湖區,民善街
臺北市,內湖區,民權東路
臺北市,內湖區,永保街
臺北市,內湖區,江南街
臺北市,內湖區,洲子街
臺北市,內湖區,港墘路
臺北市,內湖區,港華街
臺北市,內湖區,潭美街
臺北市,內湖區,瑞光路
臺北市,內湖區,瑞湖街
臺北市,內湖區,環山路
臺北市,內湖區,石潭路
臺北市,內湖區,碧山路
臺北市,內湖區,舊宗路
臺北市,內湖區,行善路
臺北市,內湖區,行忠路
臺北市,內湖區,行愛路
臺北市,內湖區,金湖路
臺北市,內湖區,金莊路
臺北市,內湖區,金豐街
臺北市,內湖區,金龍路
臺北市,內湖區,陽光街
臺北市,內湖區,麗山街
臺北市,士林區,下樹林街
臺北市,士林區,中山北路
臺北市,士林區,中庸一路
臺北市,士林區,中庸二路
臺北市,士林區,中庸五路
臺北市,士林區,中正路
臺北市,士林區,中社路
臺北市,士林區,中興街
臺北市,士林區,中華路
臺北市,士林區,仁民路
臺北市,士林區,仰德大道
臺北市,士林區,倫等街
臺北市,士林區,光華路
臺北市,士林區,克強路
臺北市,士林區,凱旋路
臺北市,士林區,前港街
臺北市,士林區,前街
臺北市,士林區,劍南路
臺北市,士林區,劍潭路
臺北市,士林區,力行街
臺北市,士林區,和平路
臺北市,士林區,和豐街
臺北市,士林區,國泰街
臺北市,士林區,基河路
臺北市,士林區,士商路
臺北市,士林區,士東路
臺北市,士林區,大亨路
臺北市,士林區,大光街
臺北市,士林區,大北路
臺北市,士林區,大南路
臺北市,士林區,大東路
臺北市,士林區,大西路
臺北市,士林區,天母北路
臺北市,士林區,天母東路
臺北市,士林區,天母西路
臺北市,士林區,天玉街
臺北市,士林區,安平街
臺北市,士林區,小北街
臺北市,士林區,小南街
臺北市,士林區,小東街
臺北市,士林區,小西街
臺北市,士林區,平菁街
臺北市,士林區,幸福街
臺北市,士林區,延平北路
臺北市,士林區,建業路
臺北市,士林區,後港街
臺北市,士林區,後街
臺北市,士林區,德行東路
臺北市,士林區,德行西路
臺北市,士林區,志成街
臺北市,士林區,忠勇街
臺北市,士林區,忠義街
臺北市,士林區,忠誠路
臺北市,士林區,愛富一街
臺北市,士林區,愛富三街
臺北市,士林區,愛富二街
臺北市,士林區,承德路
臺北市,士林區,故宮路
臺北市,士林區,文昌路
臺北市,士林區,文林路
臺北市,士林區,新園街
臺北市,士林區,新安路
臺北市,士林區,明溪街
臺北市,士林區,東山路
臺北市,士林區,格致路
臺北市,士林區,永公路
臺北市,士林區,永平街
臺北市,士林區,環河北路
臺北市,士林區,磺溪街
臺北市,士林區,社中街
臺北市,士林區,社子街
臺北市,士林區,社正路
臺北市,士林區,福國路
臺北市,士林區,福壽街
臺北市,士林區,福德路
臺北市,士林區,福志路
臺北市,士林區,福林路
臺北市,士林區,福榮街
臺北市,士林區,福港街
臺北市,士林區,福華路
臺北市,士林區,竹子湖路
臺北市,士林區,美崙街
臺北市,士林區,美德街
臺北市,士林區,翠山街
臺北市,士林區,臨溪路
臺北市,士林區,自祥街
臺北市,士林區,至善路
臺北市,士林區,至誠路
臺北市,士林區,芝玉路
臺北市,士林區,莊頂路
臺北市,士林區,菁山路
臺北市,士林區,華光街
臺北市,士林區,華岡路
臺北市,士林區,華榮街
臺北市,士林區,華聲街
臺北市,士林區,華興街
臺北市,士林區,華齡街
臺北市,士林區,葫東街
臺北市,士林區,葫蘆街
臺北市,士林區,貴富街
臺北市,士林區,通河東街
臺北市,士林區,通河街
臺北市,士林區,通河西街
臺北市,士林區,重慶北路
臺北市,士林區,長春街
臺北市,士林區,陽明路
臺北市,士林區,雙溪街
臺北市,士林區,雨聲街
臺北市,士林區,雨農路
臺北市,北投區,一德街
臺北市,北投區,一心路
臺北市,北投區,七星街
臺北市,北投區,三合街
臺北市,北投區,中和街
臺北市,北投區,中央北路
臺北市,北投區,中央南路
臺北市,北投區,中山北路
臺北市,北投區,中山路
臺北市,北投區,中心街
臺北市,北投區,中正街
臺北市,北投區,中興路
臺北市,北投區,中華街
臺北市,北投區,光明路
臺北市,北投區,公?路
臺北市,北投區,勝利街
臺北市,北投區,北投路
臺北市,北投區,吉利街
臺北市,北投區,同德街
臺北市,北投區,大同街
臺北市,北投區,大屯路
臺北市,北投區,大度路
臺北市,北投區,大業路
臺北市,北投區,大興街
臺北市,北投區,天母北路
臺北市,北投區,天母西路
臺北市,北投區,奇岩路
臺北市,北投區,奉賢路
臺北市,北投區,學園路
臺北市,北投區,宜山路
臺北市,北投區,富貴一路
臺北市,北投區,實踐街
臺北市,北投區,尊賢街
臺北市,北投區,崇仁路
臺北市,北投區,崇仰一路
臺北市,北投區,崇仰七路
臺北市,北投區,崇仰三路
臺北市,北投區,崇仰九路
臺北市,北投區,崇仰二路
臺北市,北投區,崇仰五路
臺北市,北投區,崇仰六路
臺北市,北投區,崗山路
臺北市,北投區,幽雅路
臺北市,北投區,建國街
臺北市,北投區,建民路
臺北市,北投區,復興一路
臺北市,北投區,復興三路
臺北市,北投區,復興二路
臺北市,北投區,復興四路
臺北市,北投區,懷德街
臺北市,北投區,承德路
臺北市,北投區,振興街
臺北市,北投區,振華街
臺北市,北投區,文化三路
臺北市,北投區,文林北路
臺北市,北投區,新市街
臺北市,北投區,新民路
臺北市,北投區,新生街
臺北市,北投區,新興路
臺北市,北投區,明德路
臺北市,北投區,杏林一路
臺北市,北投區,杏林三路
臺北市,北投區,杏林二路
臺北市,北投區,東昇路
臺北市,北投區,東華街
臺北市,北投區,東陽街
臺北市,北投區,榮華一路
臺北市,北投區,榮華三路
臺北市,北投區,榮華二路
臺北市,北投區,樹林路
臺北市,北投區,民族街
臺北市,北投區,民權街
臺北市,北投區,永興路
臺北市,北投區,泉源路
臺北市,北投區,洲美街
臺北市,北投區,清江路
臺北市,北投區,湖山路
臺北市,北投區,湖底路
臺北市,北投區,溫泉路
臺北市,北投區,珠海路
臺北市,北投區,登山路
臺北市,北投區,知行路
臺北市,北投區,石仙路
臺北市,北投區,石牌路
臺北市,北投區,磺港路
臺北市,北投區,福美路
臺北市,北投區,秀山路
臺北市,北投區,稻香路
臺北市,北投區,立功街
臺北市,北投區,立德路
臺北市,北投區,立賢路
臺北市,北投區,立農街
臺北市,北投區,竹子湖路
臺北市,北投區,紗帽路
臺北市,北投區,義方街
臺北市,北投區,義理街
臺北市,北投區,翠宜路
臺北市,北投區,翠嶺路
臺北市,北投區,翠華街
臺北市,北投區,翠雲街
臺北市,北投區,聖景路
臺北市,北投區,育仁路
臺北市,北投區,自強街
臺北市,北投區,致遠一路
臺北市,北投區,致遠三路
臺北市,北投區,致遠二路
臺北市,北投區,行義路
臺北市,北投區,裕民一路
臺北市,北投區,裕民三路
臺北市,北投區,裕民二路
臺北市,北投區,裕民六路
臺北市,北投區,裕民四路
臺北市,北投區,西園街
臺北市,北投區,西安街
臺北市,北投區,豐年路
臺北市,北投區,進賢路
臺北市,北投區,重三路
臺北市,北投區,長壽路
臺北市,北投區,開明街
臺北市,北投區,關渡路
臺北市,北投區,陽明路
臺北市,北投區,隱潭路
臺北市,北投區,雙全街
